{
  "id": "1537861",
  "name": "demo",
  "font_family": "iconfont",
  "css_prefix_text": "icon-",
  "description": "",
  "glyphs": [
    {
      "icon_id": "201228",
      "name": "3.1我的",
      "font_class": "31wode",
      "unicode": "e601",
      "unicode_decimal": 58881
    },
    {
      "icon_id": "5056406",
      "name": "视频",
      "font_class": "shipin",
      "unicode": "e607",
      "unicode_decimal": 58887
    },
    {
      "icon_id": "11372654",
      "name": "电影",
      "font_class": "dianying1",
      "unicode": "e8ae",
      "unicode_decimal": 59566
    },
    {
      "icon_id": "1314475",
      "name": "我的",
      "font_class": "daohanglan-05",
      "unicode": "e639",
      "unicode_decimal": 58937
    },
    {
      "icon_id": "10043389",
      "name": "订单",
      "font_class": "xinbaniconshangchuan-",
      "unicode": "e604",
      "unicode_decimal": 58884
    },
    {
      "icon_id": "11463946",
      "name": "首页",
      "font_class": "shouye",
      "unicode": "e605",
      "unicode_decimal": 58885
    },
    {
      "icon_id": "8288858",
      "name": "列表",
      "font_class": "liebiao",
      "unicode": "e850",
      "unicode_decimal": 59472
    },
    {
      "icon_id": "49851",
      "name": "放大镜",
      "font_class": "41",
      "unicode": "e62c",
      "unicode_decimal": 58924
    },
    {
      "icon_id": "584124",
      "name": "删除",
      "font_class": "iconfontshanchu5",
      "unicode": "e61c",
      "unicode_decimal": 58908
    },
    {
      "icon_id": "608351",
      "name": "箭头",
      "font_class": "jiantouarrow486",
      "unicode": "e6aa",
      "unicode_decimal": 59050
    },
    {
      "icon_id": "3050815",
      "name": "箭头",
      "font_class": "arrow",
      "unicode": "e61b",
      "unicode_decimal": 58907
    },
    {
      "icon_id": "16141685",
      "name": "放大镜",
      "font_class": "41-copy",
      "unicode": "e8c1",
      "unicode_decimal": 59585
    },
    {
      "icon_id": "400034",
      "name": "下拉",
      "font_class": "htmal5icon03",
      "unicode": "e626",
      "unicode_decimal": 58918
    },
    {
      "icon_id": "8613839",
      "name": "后退",
      "font_class": "houtui",
      "unicode": "e600",
      "unicode_decimal": 58880
    },
    {
      "icon_id": "7549348",
      "name": "搜索",
      "font_class": "RectangleCopy",
      "unicode": "e6a2",
      "unicode_decimal": 59042
    },
    {
      "icon_id": "425652",
      "name": "我的",
      "font_class": "wode",
      "unicode": "e62b",
      "unicode_decimal": 58923
    },
    {
      "icon_id": "1473243",
      "name": "电影",
      "font_class": "dianying",
      "unicode": "e679",
      "unicode_decimal": 59001
    },
    {
      "icon_id": "11372734",
      "name": "影院",
      "font_class": "yingyuan",
      "unicode": "e8c0",
      "unicode_decimal": 59584
    }
  ]
}
